id	current_skill	decision	reason
G11_TB_10_2_6_1	G10_S07_03	keep	тема навыка «Разложение на множители» подходит; соседний навык — лишь альтернатива
G11_TB_10_2_6_2	G10_S07_03	keep	тема навыка «Разложение на множители» подходит; соседний навык — лишь альтернатива
G11_TB_10_4*_17_a	G10_S07_06	keep	тема навыка «Решение полученного уравнения» подходит; соседний навык — лишь альтернатива
G11_TB_10_4*_17_б	G10_S07_03	keep	тема навыка «Разложение на множители» подходит; соседний навык — лишь альтернатива
G11_TB_10_4*_18_г	G10_S11_03	keep	тема навыка «Равенство двух радикалов» подходит; соседний навык — лишь альтернатива
G11_TB_10_4*_19_б	G10_S24_05	keep	тема навыка «Отбор корней на заданном промежутке» подходит; соседний навык — лишь альтернатива
G11_TB_10_4*_22_в	G9_S25_05	keep	тема навыка «Упрощение через двойной угол» подходит; соседний навык — лишь альтернатива
G11_TB_10_4*_22_г	G10_S25_04	null	уравнение решается многократным применением формулы двойного угла, а навык — формулы суммы и разности
G11_TB_10_4*_4	G10_S18_02	keep	тема навыка «Уравнение со свойствами логарифмов» подходит; соседний навык — лишь альтернатива
G11_TB_10_5*_10_23*	G10_S18_01	keep	тема навыка «Простейшее логарифмическое уравнение» подходит; соседний навык — лишь альтернатива
G11_TB_10_5*_10_26*_а	G10_S14_01	keep	тема навыка «Приведение к общему основанию» подходит; соседний навык — лишь альтернатива
G11_TB_10_5*_10_26*_б	G10_S14_01	keep	тема навыка «Приведение к общему основанию» подходит; соседний навык — лишь альтернатива
G11_TB_10_5*_10_26*_в	G10_S18_02	keep	тема навыка «Уравнение со свойствами логарифмов» подходит; соседний навык — лишь альтернатива
G11_TB_10_5*_10_26*_г	G10_S18_02	keep	тема навыка «Уравнение со свойствами логарифмов» подходит; соседний навык — лишь альтернатива
G11_TB_10_5*_10_27_в	G10_S16_03	keep	тема навыка «Условия существования логарифма» подходит; соседний навык — лишь альтернатива
G11_TB_10_5*_5	G10_S18_03	keep	тема навыка «Метод замены в логарифмических уравнениях» подходит; соседний навык — лишь альтернатива
G11_TB_10_6*_10_33_2	G10_S11_04	keep	тема навыка «Метод введения новой переменной» подходит; соседний навык — лишь альтернатива
G11_TB_10_6*_10_42_1	G10_S18_02	keep	тема навыка «Уравнение со свойствами логарифмов» подходит; соседний навык — лишь альтернатива
G11_TB_10_6*_10_42_2	G10_S18_02	keep	тема навыка «Уравнение со свойствами логарифмов» подходит; соседний навык — лишь альтернатива
G11_TB_10_6*_10_43_1	G11_S02_03	null	уравнение/неравенство с показательно-степенной или смешанной структурой решается по ОДЗ и случаям, а навык «Комбинированная ОДЗ» — про область определения функции
G11_TB_10_6*_10_43_2	G11_S02_03	null	уравнение/неравенство с показательно-степенной или смешанной структурой решается по ОДЗ и случаям, а навык «Комбинированная ОДЗ» — про область определения функции
G11_TB_10_6*_10_44_1	G11_S02_03	null	уравнение/неравенство с показательно-степенной или смешанной структурой решается по ОДЗ и случаям, а навык «Комбинированная ОДЗ» — про область определения функции
G11_TB_10_6*_10_44_2	G11_S02_03	null	уравнение/неравенство с показательно-степенной или смешанной структурой решается по ОДЗ и случаям, а навык «Комбинированная ОДЗ» — про область определения функции
G11_TB_10_6*_10_45_1	G11_S02_03	null	уравнение/неравенство с показательно-степенной или смешанной структурой решается по ОДЗ и случаям, а навык «Комбинированная ОДЗ» — про область определения функции
G11_TB_10_6*_10_45_2	G11_S02_03	null	уравнение/неравенство с показательно-степенной или смешанной структурой решается по ОДЗ и случаям, а навык «Комбинированная ОДЗ» — про область определения функции
G11_TB_10_6*_10_45_3	G11_S02_03	null	уравнение/неравенство с показательно-степенной или смешанной структурой решается по ОДЗ и случаям, а навык «Комбинированная ОДЗ» — про область определения функции
G11_TB_10_6*_10_45_4	G11_S02_03	null	уравнение/неравенство с показательно-степенной или смешанной структурой решается по ОДЗ и случаям, а навык «Комбинированная ОДЗ» — про область определения функции
G11_TB_11_1_10_52_b	G10_S16_04	keep	тема навыка «Сравнение логарифмов (монотонность логарифмической функции)» подходит; соседний навык — лишь альтернатива
G11_TB_11_3*_11_16_а	G10_S34_01	keep	тема навыка «Уравнения и неравенства с модулем (аналитические методы)» подходит; соседний навык — лишь альтернатива
G11_TB_11_3*_11_16_б	G10_S34_01	keep	тема навыка «Уравнения и неравенства с модулем (аналитические методы)» подходит; соседний навык — лишь альтернатива
G11_TB_11_3*_11_16_в	G10_S34_01	keep	тема навыка «Уравнения и неравенства с модулем (аналитические методы)» подходит; соседний навык — лишь альтернатива
G11_TB_11_3*_11_16_г	G10_S34_01	keep	тема навыка «Уравнения и неравенства с модулем (аналитические методы)» подходит; соседний навык — лишь альтернатива
G11_TB_11_5*_11_29_а	G10_S26_04	keep	тема навыка «Учет ОДЗ для тангенса» подходит; соседний навык — лишь альтернатива
G11_TB_11_5*_11_29_б	G10_S26_04	keep	тема навыка «Учет ОДЗ для тангенса» подходит; соседний навык — лишь альтернатива
G11_TB_11_5*_11_29_в	G10_S26_04	keep	тема навыка «Учет ОДЗ для тангенса» подходит; соседний навык — лишь альтернатива
G11_TB_11_5*_11_29_г	G10_S26_04	keep	тема навыка «Учет ОДЗ для тангенса» подходит; соседний навык — лишь альтернатива
G11_TB_11_5*_11_30_б	G10_S33_01	keep	тема навыка «Иррациональные неравенства» подходит; соседний навык — лишь альтернатива
G11_TB_11_5*_11_30_г	G10_S33_01	keep	тема навыка «Иррациональные неравенства» подходит; соседний навык — лишь альтернатива
G11_TB_11_6*_11_43*_a	G10_S33_01	keep	тема навыка «Иррациональные неравенства» подходит; соседний навык — лишь альтернатива
G11_TB_11_6*_11_43*_б	G10_S33_01	keep	тема навыка «Иррациональные неравенства» подходит; соседний навык — лишь альтернатива
G11_TB_11_6*_11_46*_a	G10_S20_02	keep	тема навыка «Неравенство с переменным основанием» подходит; соседний навык — лишь альтернатива
G11_TB_11_7*_11_51_1	G10_S26_03	keep	тема навыка «Неравенство со сложным аргументом» подходит; соседний навык — лишь альтернатива
G11_TB_11_7*_11_51_2	G10_S26_03	keep	тема навыка «Неравенство со сложным аргументом» подходит; соседний навык — лишь альтернатива
G11_TB_11_7*_11_53_1	G10_S33_01	keep	тема навыка «Иррациональные неравенства» подходит; соседний навык — лишь альтернатива
G11_TB_11_7*_11_53_2	G10_S26_03	keep	тема навыка «Неравенство со сложным аргументом» подходит; соседний навык — лишь альтернатива
G11_TB_11_7*_11_54_1	G10_S34_01	keep	тема навыка «Уравнения и неравенства с модулем (аналитические методы)» подходит; соседний навык — лишь альтернатива
G11_TB_11_7*_11_54_2	G10_S34_01	keep	тема навыка «Уравнения и неравенства с модулем (аналитические методы)» подходит; соседний навык — лишь альтернатива
G11_TB_12_1_11_57_a	G10_S09_02	keep	тема навыка «Метод интервалов для дробно-рациональных выражений» подходит; соседний навык — лишь альтернатива
G11_TB_12_1_11_57_b	G10_S09_02	keep	тема навыка «Метод интервалов для дробно-рациональных выражений» подходит; соседний навык — лишь альтернатива
G11_TB_12_1_11_57_g	G10_S09_02	keep	тема навыка «Метод интервалов для дробно-рациональных выражений» подходит; соседний навык — лишь альтернатива
G11_TB_12_1_11_58_a	G10_S09_02	keep	тема навыка «Метод интервалов для дробно-рациональных выражений» подходит; соседний навык — лишь альтернатива
G11_TB_12_1_11_58_b	G10_S09_02	keep	тема навыка «Метод интервалов для дробно-рациональных выражений» подходит; соседний навык — лишь альтернатива
G11_TB_12_1_11_58_g	G10_S09_02	keep	тема навыка «Метод интервалов для дробно-рациональных выражений» подходит; соседний навык — лишь альтернатива
G11_TB_12_1_11_58_v	G10_S09_02	keep	тема навыка «Метод интервалов для дробно-рациональных выражений» подходит; соседний навык — лишь альтернатива
G11_TB_13_1*_12_19_a	G11_S02_03	null	уравнение/неравенство с показательно-степенной или смешанной структурой решается по ОДЗ и случаям, а навык «Комбинированная ОДЗ» — про область определения функции
G11_TB_13_1*_12_19_b	G11_S02_03	null	уравнение/неравенство с показательно-степенной или смешанной структурой решается по ОДЗ и случаям, а навык «Комбинированная ОДЗ» — про область определения функции
G11_TB_13_1*_12_19_в	G11_S02_03	null	уравнение/неравенство с показательно-степенной или смешанной структурой решается по ОДЗ и случаям, а навык «Комбинированная ОДЗ» — про область определения функции
G11_TB_13_1*_12_19_г	G11_S02_03	null	уравнение/неравенство с показательно-степенной или смешанной структурой решается по ОДЗ и случаям, а навык «Комбинированная ОДЗ» — про область определения функции
G11_TB_13_1*_12_23_a	G11_S02_03	null	уравнение/неравенство с показательно-степенной или смешанной структурой решается по ОДЗ и случаям, а навык «Комбинированная ОДЗ» — про область определения функции
G11_TB_13_1*_12_23_б	G11_S02_03	null	уравнение/неравенство с показательно-степенной или смешанной структурой решается по ОДЗ и случаям, а навык «Комбинированная ОДЗ» — про область определения функции
G11_TB_13_5*_13_31_б	G11_S23_04	keep	тема навыка «Наибольшее и наименьшее значение на отрезке» подходит; соседний навык — лишь альтернатива
G11_TB_13_5*_13_34_а	G10_S07_10	keep	тема навыка «Замена переменной» подходит; соседний навык — лишь альтернатива
G11_TB_13_5*_13_34_б	G11_S05_04	keep	тема навыка «Метод монотонности и единственности корня» подходит; соседний навык — лишь альтернатива
G11_TB_14_3_14_22_б	G10_S12_02	keep	тема навыка «Система с двойной заменой» подходит; соседний навык — лишь альтернатива
G11_TB_14_3_4	G10_S15_01	keep	тема навыка «Неравенство при основании больше единицы» подходит; соседний навык — лишь альтернатива
G11_TB_14_3_4_1	G10_S33_01	keep	тема навыка «Иррациональные неравенства» подходит; соседний навык — лишь альтернатива
G11_TB_14_3_4_2	G10_S33_01	keep	тема навыка «Иррациональные неравенства» подходит; соседний навык — лишь альтернатива
G11_TB_14_3_4_4	G10_S33_01	keep	тема навыка «Иррациональные неравенства» подходит; соседний навык — лишь альтернатива
G11_TB_15_1*_14_38_b	G11_S05_03	keep	тема навыка «Метод оценки в уравнениях и неравенствах» подходит; соседний навык — лишь альтернатива
G11_TB_15_1*_14_39_a	G11_S05_04	keep	тема навыка «Метод монотонности и единственности корня» подходит; соседний навык — лишь альтернатива
G11_TB_15_1*_14_40_a	G10_S12_05	keep	тема навыка «Иррациональные системы: подстановка и проверка пар» подходит; соседний навык — лишь альтернатива
G11_TB_15_1*_14_40_b	G10_S12_05	keep	тема навыка «Иррациональные системы: подстановка и проверка пар» подходит; соседний навык — лишь альтернатива
G11_TB_15_1*_14_40_c	G10_S12_05	keep	тема навыка «Иррациональные системы: подстановка и проверка пар» подходит; соседний навык — лишь альтернатива
G11_TB_15_1*_14_40_d	G10_S12_05	keep	тема навыка «Иррациональные системы: подстановка и проверка пар» подходит; соседний навык — лишь альтернатива
G11_TB_15_1*_14_41	G10_S12_05	keep	тема навыка «Иррациональные системы: подстановка и проверка пар» подходит; соседний навык — лишь альтернатива
G11_TB_15_4*_15_28_a	G10_S32_02	keep	тема навыка «Системы уравнений с параметром» подходит; соседний навык — лишь альтернатива
G11_TB_15_4*_15_28_b	G10_S32_02	keep	тема навыка «Системы уравнений с параметром» подходит; соседний навык — лишь альтернатива
G11_TB_15_4*_15_29_a	G10_S32_02	keep	тема навыка «Системы уравнений с параметром» подходит; соседний навык — лишь альтернатива
G11_TB_15_4*_15_29_b	G10_S32_02	keep	тема навыка «Системы уравнений с параметром» подходит; соседний навык — лишь альтернатива
G11_TB_15_4*_15_30_a	G10_S32_01	keep	тема навыка «Уравнения и неравенства с параметром» подходит; соседний навык — лишь альтернатива
G11_TB_15_4*_15_30_b	G10_S32_01	keep	тема навыка «Уравнения и неравенства с параметром» подходит; соседний навык — лишь альтернатива
G11_TB_15_4*_15_34_a	G10_S32_01	keep	тема навыка «Уравнения и неравенства с параметром» подходит; соседний навык — лишь альтернатива
G11_TB_15_4*_15_34_b	G10_S32_01	keep	тема навыка «Уравнения и неравенства с параметром» подходит; соседний навык — лишь альтернатива
G11_TB_15_4*_5	G10_S32_01	keep	тема навыка «Уравнения и неравенства с параметром» подходит; соседний навык — лишь альтернатива
G11_TB_17_1_5_1	G10_S18_02	keep	тема навыка «Уравнение со свойствами логарифмов» подходит; соседний навык — лишь альтернатива
G11_TB_17_2_4_2	G10_S20_01	keep	тема навыка «Простейшее логарифмическое неравенство» подходит; соседний навык — лишь альтернатива
G11_TB_17_2_4_3	G10_S20_01	keep	log²x−4≤0 сводится к двум простейшим логарифмическим неравенствам; навык подходит
G11_TB_17_2_4_4	G10_S20_01	keep	тема навыка «Простейшее логарифмическое неравенство» подходит; соседний навык — лишь альтернатива
G11_TB_1_3_1_14_2	G11_S02_05	keep	тема навыка «Ограниченность функции» подходит; соседний навык — лишь альтернатива
G11_TB_1_3_1_14_3	G11_S02_05	keep	тема навыка «Ограниченность функции» подходит; соседний навык — лишь альтернатива
G11_TB_1_3_1_14_4	G11_S02_05	keep	тема навыка «Ограниченность функции» подходит; соседний навык — лишь альтернатива
G11_TB_1_3_1_14_6	G11_S02_05	keep	тема навыка «Ограниченность функции» подходит; соседний навык — лишь альтернатива
G11_TB_21_1_1_3	G8_S31_02	keep	тема навыка «Применение закона для нескольких действий» подходит; соседний навык — лишь альтернатива
G11_TB_22_2_3	G10_S27_05	keep	тема навыка «Алгебра событий (сумма, произведение, противоположное)» подходит; соседний навык — лишь альтернатива
G11_TB_22_2_4	G10_S27_05	keep	тема навыка «Алгебра событий (сумма, произведение, противоположное)» подходит; соседний навык — лишь альтернатива
G11_TB_22_6_12	G10_S29_01	null	задача о справедливом разделе ставки при прерванной игре (Пачоли, Ферма); она не про умножение вероятностей независимых событий
G11_TB_22_6_13	G10_S29_01	null	задача о справедливом разделе ставки при прерванной игре (Пачоли, Ферма); она не про умножение вероятностей независимых событий
G11_TB_23_1_1_1	G8_S28_05	null	репрезентативность выборки; навык «Интерпретация данных» — чтение таблиц и средние значения
G11_TB_23_1_1_2	G8_S28_05	null	репрезентативность выборки; навык «Интерпретация данных» — чтение таблиц и средние значения
G11_TB_23_1_1_3	G8_S28_05	null	репрезентативность выборки; навык «Интерпретация данных» — чтение таблиц и средние значения
G11_TB_23_1_1_4	G8_S28_05	null	репрезентативность выборки; навык «Интерпретация данных» — чтение таблиц и средние значения
G11_TB_23_1_1_5	G8_S28_05	null	репрезентативность выборки; навык «Интерпретация данных» — чтение таблиц и средние значения
G11_TB_23_1_1_6	G8_S28_05	null	репрезентативность выборки; навык «Интерпретация данных» — чтение таблиц и средние значения
G11_TB_27_2_15_1	G10_S24_05	keep	тема навыка «Отбор корней на заданном промежутке» подходит; соседний навык — лишь альтернатива
G11_TB_27_2_24_3	G10_S24_03	null	уравнение с модулем и формулами приведения решается разбором знака cos x, это не частный случай простейшего тригонометрического уравнения
G11_TB_27_2_26_1	G10_S07_07	keep	тема навыка «Учет ОДЗ» подходит; соседний навык — лишь альтернатива
G11_TB_27_2_26_2	G10_S07_07	keep	тема навыка «Учет ОДЗ» подходит; соседний навык — лишь альтернатива
G11_TB_27_2_26_3	G10_S07_07	keep	тема навыка «Учет ОДЗ» подходит; соседний навык — лишь альтернатива
G11_TB_27_2_26_4	G10_S07_07	keep	тема навыка «Учет ОДЗ» подходит; соседний навык — лишь альтернатива
G11_TB_27_2_28_1	G10_S25_03	keep	тема навыка «Метод разложения на множители» подходит; соседний навык — лишь альтернатива
G11_TB_27_2_28_2	G10_S25_03	keep	тема навыка «Метод разложения на множители» подходит; соседний навык — лишь альтернатива
G11_TB_27_2_29_1	G10_S24_04	keep	тема навыка «Уравнения с тангенсом и котангенсом» подходит; соседний навык — лишь альтернатива
G11_TB_27_2_29_2	G10_S25_03	keep	тема навыка «Метод разложения на множители» подходит; соседний навык — лишь альтернатива
G11_TB_27_2_29_3	G10_S07_07	keep	тема навыка «Учет ОДЗ» подходит; соседний навык — лишь альтернатива
G11_TB_27_2_4_1	G10_S11_01	keep	тема навыка «Базовое возведение в квадрат» подходит; соседний навык — лишь альтернатива
G11_TB_27_2_4_2	G10_S11_01	keep	тема навыка «Базовое возведение в квадрат» подходит; соседний навык — лишь альтернатива
G11_TB_27_2_4_3	G10_S11_01	keep	тема навыка «Базовое возведение в квадрат» подходит; соседний навык — лишь альтернатива
G11_TB_27_2_4_4	G10_S11_01	keep	тема навыка «Базовое возведение в квадрат» подходит; соседний навык — лишь альтернатива
G11_TB_27_2_5_2	G10_S11_01	keep	тема навыка «Базовое возведение в квадрат» подходит; соседний навык — лишь альтернатива
G11_TB_27_2_67_3	G10_S32_01	keep	тема навыка «Уравнения и неравенства с параметром» подходит; соседний навык — лишь альтернатива
G11_TB_27_2_89	G10_S07_13	keep	возрастная задача решается линейным уравнением по условию; текстовый навык подходит
G11_TB_27_2_90	G10_S07_13	null	текстовая задача на систему целочисленных неравенств, а не на рациональное уравнение
G11_TB_27_2_92	G10_S07_13	keep	тема навыка «Текстовые задачи на составление рационального уравнения (смеси, цифры, движение)» подходит; соседний навык — лишь альтернатива
G11_TB_27_2_93	G10_S07_13	keep	тема навыка «Текстовые задачи на составление рационального уравнения (смеси, цифры, движение)» подходит; соседний навык — лишь альтернатива
G11_TB_2_2_2_2.3	G11_S09_01	keep	тема навыка «Интуитивное понимание предела по графику» подходит; соседний навык — лишь альтернатива
G11_TB_2_2_2_2.4	G11_S09_01	keep	тема навыка «Интуитивное понимание предела по графику» подходит; соседний навык — лишь альтернатива
G11_TB_2_2_2_3.1	G11_S09_01	keep	тема навыка «Интуитивное понимание предела по графику» подходит; соседний навык — лишь альтернатива
G11_TB_2_2_2_3.2	G11_S09_01	keep	тема навыка «Интуитивное понимание предела по графику» подходит; соседний навык — лишь альтернатива
G11_TB_2_2_2_3.3	G11_S09_01	keep	тема навыка «Интуитивное понимание предела по графику» подходит; соседний навык — лишь альтернатива
G11_TB_2_2_2_3.4	G11_S09_01	keep	тема навыка «Интуитивное понимание предела по графику» подходит; соседний навык — лишь альтернатива
G11_TB_2_2_2_5.3	G11_S09_01	keep	тема навыка «Интуитивное понимание предела по графику» подходит; соседний навык — лишь альтернатива
G11_TB_2_2_2_5.4	G11_S09_01	keep	тема навыка «Интуитивное понимание предела по графику» подходит; соседний навык — лишь альтернатива
G11_TB_3_2*_3_6_1	G11_S13_01	keep	навык остался бы без задач (все 4 задачи G11_S13_01 — вопросы о взаимно обратных функциях)
G11_TB_3_2*_3_6_3	G11_S13_01	keep	навык остался бы без задач (все 4 задачи G11_S13_01 — вопросы о взаимно обратных функциях)
G11_TB_4_1_4_1.1	G11_S18_01	keep	тема навыка «Дифференциал и приращение функции» подходит; соседний навык — лишь альтернатива
G11_TB_4_1_4_1.2	G11_S18_01	keep	тема навыка «Дифференциал и приращение функции» подходит; соседний навык — лишь альтернатива
G11_TB_4_1_4_2.1	G11_S18_01	keep	тема навыка «Дифференциал и приращение функции» подходит; соседний навык — лишь альтернатива
G11_TB_4_1_4_3_1	G11_S18_01	keep	тема навыка «Дифференциал и приращение функции» подходит; соседний навык — лишь альтернатива
G11_TB_4_1_4_3_2	G11_S18_01	keep	тема навыка «Дифференциал и приращение функции» подходит; соседний навык — лишь альтернатива
G11_TB_4_1_5	G11_S16_03	keep	тема навыка «Производная по определению (через приращение)» подходит; соседний навык — лишь альтернатива
G11_TB_4_5_4_33_г	G11_S17_01	keep	тема навыка «Производные функций с корнями и дробями» подходит; соседний навык — лишь альтернатива
G11_TB_4_5_4_33_д	G11_S17_01	keep	тема навыка «Производные функций с корнями и дробями» подходит; соседний навык — лишь альтернатива
G11_TB_4_5_4_33_е	G11_S17_01	keep	тема навыка «Производные функций с корнями и дробями» подходит; соседний навык — лишь альтернатива
G11_TB_4_5_4_33_ж	G11_S17_01	keep	тема навыка «Производные функций с корнями и дробями» подходит; соседний навык — лишь альтернатива
G11_TB_4_5_4_33_з	G11_S17_01	keep	тема навыка «Производные функций с корнями и дробями» подходит; соседний навык — лишь альтернатива
G11_TB_4_5_4_33_и	G11_S17_01	keep	тема навыка «Производные функций с корнями и дробями» подходит; соседний навык — лишь альтернатива
G11_TB_4_5_4_34_а	G11_S17_01	keep	тема навыка «Производные функций с корнями и дробями» подходит; соседний навык — лишь альтернатива
G11_TB_4_5_4_34_б	G11_S17_01	keep	тема навыка «Производные функций с корнями и дробями» подходит; соседний навык — лишь альтернатива
G11_TB_4_5_4_34_в	G11_S17_01	keep	тема навыка «Производные функций с корнями и дробями» подходит; соседний навык — лишь альтернатива
G11_TB_4_5_4_34_г	G11_S17_01	keep	тема навыка «Производные функций с корнями и дробями» подходит; соседний навык — лишь альтернатива
G11_TB_4_5_4_35_а	G11_S17_01	keep	тема навыка «Производные функций с корнями и дробями» подходит; соседний навык — лишь альтернатива
G11_TB_4_7*_4_56_4	G11_S21_01	keep	тема навыка «Дифференцирование сложной функции» подходит; соседний навык — лишь альтернатива
G11_TB_5_1_119_д	G11_S23_02	keep	тема навыка «Исследование знаков производной» подходит; соседний навык — лишь альтернатива
G11_TB_5_1_119_е	G11_S23_02	keep	тема навыка «Исследование знаков производной» подходит; соседний навык — лишь альтернатива
G11_TB_5_2_5_16_1	G11_S23_04	keep	тема навыка «Наибольшее и наименьшее значение на отрезке» подходит; соседний навык — лишь альтернатива
G11_TB_5_2_5_16_2	G11_S23_04	keep	тема навыка «Наибольшее и наименьшее значение на отрезке» подходит; соседний навык — лишь альтернатива
G11_TB_5_2_5_16_3	G11_S23_04	keep	тема навыка «Наибольшее и наименьшее значение на отрезке» подходит; соседний навык — лишь альтернатива
G11_TB_5_2_5_5*_3	G11_S23_04	keep	тема навыка «Наибольшее и наименьшее значение на отрезке» подходит; соседний навык — лишь альтернатива
G11_TB_5_2_5_5*_4	G11_S23_04	keep	тема навыка «Наибольшее и наименьшее значение на отрезке» подходит; соседний навык — лишь альтернатива
G11_TB_6_10*_6_89.3	G11_S44_02	null	дан закон движения, нужно решить квадратное уравнение x(t)=0; производной и составления закона движения нет
G11_TB_6_3_6_3_8	G11_S18_01	keep	тема навыка «Дифференциал и приращение функции» подходит; соседний навык — лишь альтернатива
G11_TB_6_4_6_26_2	G11_S38_01	null	теоретический вопрос «что такое интегральная сумма»; навык — вычисление определённого интеграла
G11_TB_6_4_6_28_1	G11_S38_01	keep	тема навыка «Вычисление определённого интеграла» подходит; соседний навык — лишь альтернатива
G11_TB_6_4_6_28_2	G11_S38_01	keep	тема навыка «Вычисление определённого интеграла» подходит; соседний навык — лишь альтернатива
G11_TB_6_4_6_29_2	G11_S38_01	keep	тема навыка «Вычисление определённого интеграла» подходит; соседний навык — лишь альтернатива
G11_TB_6_6_6_3	G10_S09_02	keep	тема навыка «Метод интервалов для дробно-рациональных выражений» подходит; соседний навык — лишь альтернатива
G11_TB_6_7_6_59_1	G11_S37_02	keep	тема навыка «Площадь между двумя графиками» подходит; соседний навык — лишь альтернатива
G11_TB_6_7_6_59_2	G11_S37_02	keep	тема навыка «Площадь между двумя графиками» подходит; соседний навык — лишь альтернатива
G11_TB_7_2_7_3_6	G10_S07_12	keep	тема навыка «Равносильные преобразования уравнений и неравенств» подходит; соседний навык — лишь альтернатива
G11_TB_8_1_7_18_6	G10_S07_12	keep	тема навыка «Равносильные преобразования уравнений и неравенств» подходит; соседний навык — лишь альтернатива
G11_TB_8_1_7_18_7	G10_S07_12	keep	тема навыка «Равносильные преобразования уравнений и неравенств» подходит; соседний навык — лишь альтернатива
G11_TB_8_1_7_24_2	G10_S07_12	keep	тема навыка «Равносильные преобразования уравнений и неравенств» подходит; соседний навык — лишь альтернатива
G11_TB_8_1_7_24_4	G10_S07_12	keep	тема навыка «Равносильные преобразования уравнений и неравенств» подходит; соседний навык — лишь альтернатива
G11_TB_8_1_7_25_3	G10_S07_12	keep	тема навыка «Равносильные преобразования уравнений и неравенств» подходит; соседний навык — лишь альтернатива
G11_TB_8_3_8_10_в	G10_S25_03	keep	тема навыка «Метод разложения на множители» подходит; соседний навык — лишь альтернатива
G11_TB_8_3_8_10_г	G10_S11_02	keep	тема навыка «Уравнение вида «Корень равен переменной»» подходит; соседний навык — лишь альтернатива
G11_TB_8_3_8_10_д	G10_S11_02	keep	тема навыка «Уравнение вида «Корень равен переменной»» подходит; соседний навык — лишь альтернатива
G11_TB_8_3_8_10_е	G10_S11_02	keep	тема навыка «Уравнение вида «Корень равен переменной»» подходит; соседний навык — лишь альтернатива
G11_TB_8_4_17_а	G10_S18_01	keep	тема навыка «Простейшее логарифмическое уравнение» подходит; соседний навык — лишь альтернатива
G11_TB_8_4_17_б	G10_S18_01	keep	тема навыка «Простейшее логарифмическое уравнение» подходит; соседний навык — лишь альтернатива
G11_TB_8_4_18_б	G10_S18_02	keep	тема навыка «Уравнение со свойствами логарифмов» подходит; соседний навык — лишь альтернатива
G11_TB_8_4_18_в	G10_S18_02	keep	тема навыка «Уравнение со свойствами логарифмов» подходит; соседний навык — лишь альтернатива
G11_TB_8_4_18_г	G10_S18_03	keep	тема навыка «Метод замены в логарифмических уравнениях» подходит; соседний навык — лишь альтернатива
G11_TB_8_4_19_а	G10_S18_01	keep	тема навыка «Простейшее логарифмическое уравнение» подходит; соседний навык — лишь альтернатива
G11_TB_8_4_19_б	G10_S18_01	keep	тема навыка «Простейшее логарифмическое уравнение» подходит; соседний навык — лишь альтернатива
G11_TB_8_4_19_в	G10_S18_01	keep	тема навыка «Простейшее логарифмическое уравнение» подходит; соседний навык — лишь альтернатива
G11_TB_8_4_19_г	G10_S18_01	keep	тема навыка «Простейшее логарифмическое уравнение» подходит; соседний навык — лишь альтернатива
G11_TB_8_4_4	G10_S18_02	keep	тема навыка «Уравнение со свойствами логарифмов» подходит; соседний навык — лишь альтернатива
G11_TB_8_5_8_28	G10_S18_02	keep	тема навыка «Уравнение со свойствами логарифмов» подходит; соседний навык — лишь альтернатива
G11_TB_8_5_8_30	G10_S25_01	keep	тема навыка «Метод введения новой переменной» подходит; соседний навык — лишь альтернатива
G11_TB_9_1_8_34_a	G10_S07_07	keep	тема навыка «Учет ОДЗ» подходит; соседний навык — лишь альтернатива
G11_TB_9_1_8_34_d	G10_S18_01	keep	тема навыка «Простейшее логарифмическое уравнение» подходит; соседний навык — лишь альтернатива
G11_TB_9_1_8_41_a	G10_S18_02	keep	тема навыка «Уравнение со свойствами логарифмов» подходит; соседний навык — лишь альтернатива
G11_TB_9_1_8_41_b	G10_S18_02	keep	тема навыка «Уравнение со свойствами логарифмов» подходит; соседний навык — лишь альтернатива
G11_TB_9_1_8_41_c	G10_S18_02	keep	тема навыка «Уравнение со свойствами логарифмов» подходит; соседний навык — лишь альтернатива
G11_TB_9_1_8_41_d	G10_S18_02	keep	тема навыка «Уравнение со свойствами логарифмов» подходит; соседний навык — лишь альтернатива
G11_TB_9_2_4	G10_S18_02	keep	тема навыка «Уравнение со свойствами логарифмов» подходит; соседний навык — лишь альтернатива
G11_TB_9_3_9_13_б	G10_S18_02	keep	тема навыка «Уравнение со свойствами логарифмов» подходит; соседний навык — лишь альтернатива
G11_TB_9_3_9_14_б	G10_S07_07	keep	тема навыка «Учет ОДЗ» подходит; соседний навык — лишь альтернатива
G11_TB_9_3_9_14_в	G10_S14_04	keep	тема навыка «Метод замены переменной» подходит; соседний навык — лишь альтернатива
G11_TB_9_3_9_14_г	G10_S18_01	keep	тема навыка «Простейшее логарифмическое уравнение» подходит; соседний навык — лишь альтернатива
G11_TB_9_3_9_17_a	G10_S18_01	keep	тема навыка «Простейшее логарифмическое уравнение» подходит; соседний навык — лишь альтернатива
G11_TB_9_3_9_17_б	G10_S18_01	keep	тема навыка «Простейшее логарифмическое уравнение» подходит; соседний навык — лишь альтернатива
G11_TB_9_3_9_18_a	G10_S18_01	keep	тема навыка «Простейшее логарифмическое уравнение» подходит; соседний навык — лишь альтернатива
G11_TB_9_3_9_18_б	G10_S18_01	keep	тема навыка «Простейшее логарифмическое уравнение» подходит; соседний навык — лишь альтернатива
G11_TB_9_3_9_18_в	G10_S18_01	keep	тема навыка «Простейшее логарифмическое уравнение» подходит; соседний навык — лишь альтернатива
G11_TB_9_3_9_18_г	G10_S18_01	keep	тема навыка «Простейшее логарифмическое уравнение» подходит; соседний навык — лишь альтернатива
G11_TB_9_3_9_19_a	G10_S25_03	keep	тема навыка «Метод разложения на множители» подходит; соседний навык — лишь альтернатива
G11_TB_9_3_9_19_б	G10_S25_03	keep	тема навыка «Метод разложения на множители» подходит; соседний навык — лишь альтернатива
G11_TB_9_3_9_19_в	G10_S18_01	keep	тема навыка «Простейшее логарифмическое уравнение» подходит; соседний навык — лишь альтернатива
G11_TB_9_3_9_19_г	G10_S18_02	keep	тема навыка «Уравнение со свойствами логарифмов» подходит; соседний навык — лишь альтернатива
G11_TB_9_4*_9_30_a	G10_S11_06	keep	тема навыка «Уравнение с двумя радикалами в одной части» подходит; соседний навык — лишь альтернатива
G11_TB_9_4*_9_30_г	G10_S11_06	keep	тема навыка «Уравнение с двумя радикалами в одной части» подходит; соседний навык — лишь альтернатива
G11_TB_9_4*_9_33_б	G10_S07_07	keep	тема навыка «Учет ОДЗ» подходит; соседний навык — лишь альтернатива
G11_TB_9_6_9_49_а	G10_S20_01	keep	тема навыка «Простейшее логарифмическое неравенство» подходит; соседний навык — лишь альтернатива
G11_TB_9_6_9_49_б	G10_S20_01	keep	тема навыка «Простейшее логарифмическое неравенство» подходит; соседний навык — лишь альтернатива
G11_TB_9_7*_9_51	G10_S09_02	keep	тема навыка «Метод интервалов для дробно-рациональных выражений» подходит; соседний навык — лишь альтернатива
G11_TB_9_7*_9_53_2	G10_S20_01	keep	тема навыка «Простейшее логарифмическое неравенство» подходит; соседний навык — лишь альтернатива
G11_TB_9_7*_9_54_3	G10_S33_01	keep	тема навыка «Иррациональные неравенства» подходит; соседний навык — лишь альтернатива
G11_TB_9_7*_9_54_4	G10_S20_01	keep	тема навыка «Простейшее логарифмическое неравенство» подходит; соседний навык — лишь альтернатива
G11_TB_9_7*_9_56_3	G10_S20_01	keep	тема навыка «Простейшее логарифмическое неравенство» подходит; соседний навык — лишь альтернатива
G11_TB_9_7*_9_56_4	G10_S20_01	keep	тема навыка «Простейшее логарифмическое неравенство» подходит; соседний навык — лишь альтернатива
G11_TB_?_128	G10_S34_01	keep	тема навыка «Уравнения и неравенства с модулем (аналитические методы)» подходит; соседний навык — лишь альтернатива
G11_TB_?_130_a	G10_S07_07	keep	тема навыка «Учет ОДЗ» подходит; соседний навык — лишь альтернатива
G11_TB_?_130_b	G10_S07_07	keep	тема навыка «Учет ОДЗ» подходит; соседний навык — лишь альтернатива
G11_TB_?_130_g	G10_S07_07	keep	тема навыка «Учет ОДЗ» подходит; соседний навык — лишь альтернатива
G11_TB_?_130_h	G10_S07_07	keep	тема навыка «Учет ОДЗ» подходит; соседний навык — лишь альтернатива
G11_TB_?_132_a	G10_S25_03	keep	тема навыка «Метод разложения на множители» подходит; соседний навык — лишь альтернатива
G11_TB_?_132_b	G10_S25_03	keep	тема навыка «Метод разложения на множители» подходит; соседний навык — лишь альтернатива
G11_TB_?_133_a	G10_S24_04	keep	тема навыка «Уравнения с тангенсом и котангенсом» подходит; соседний навык — лишь альтернатива
G11_TB_?_133_b	G10_S25_03	keep	тема навыка «Метод разложения на множители» подходит; соседний навык — лишь альтернатива
G11_TB_?_134	G10_S07_07	keep	тема навыка «Учет ОДЗ» подходит; соседний навык — лишь альтернатива
G11_TB_?_135_a	G10_S11_06	keep	тема навыка «Уравнение с двумя радикалами в одной части» подходит; соседний навык — лишь альтернатива
G11_TB_?_137_a	G10_S11_01	keep	тема навыка «Базовое возведение в квадрат» подходит; соседний навык — лишь альтернатива
G11_TB_?_137_b	G10_S11_01	keep	тема навыка «Базовое возведение в квадрат» подходит; соседний навык — лишь альтернатива
G11_TB_?_137_g	G10_S11_01	keep	тема навыка «Базовое возведение в квадрат» подходит; соседний навык — лишь альтернатива
G11_TB_?_137_v	G10_S11_01	keep	тема навыка «Базовое возведение в квадрат» подходит; соседний навык — лишь альтернатива
G11_TB_?_138_e	G10_S11_03	keep	тема навыка «Равенство двух радикалов» подходит; соседний навык — лишь альтернатива
G11_TB_?_138_v	G10_S11_04	keep	тема навыка «Метод введения новой переменной» подходит; соседний навык — лишь альтернатива
G11_TB_?_15_а	G10_S17_03	keep	тема навыка «Формула перехода к новому основанию» подходит; соседний навык — лишь альтернатива
G11_TB_?_16_а	G11_S14_03	keep	тема навыка «Сравнение аркфункций и неравенства с ними» подходит; соседний навык — лишь альтернатива
G11_TB_?_16_б	G11_S14_03	keep	тема навыка «Сравнение аркфункций и неравенства с ними» подходит; соседний навык — лишь альтернатива
G11_TB_?_19_а	G10_S17_01	null	олимпиадная задача на равенство двух логарифмов с разными основаниями; навык «Свойства суммы логарифмов» не её тема
G11_TB_?_19_б	G10_S17_01	null	олимпиадная задача на равенство двух логарифмов с разными основаниями; навык «Свойства суммы логарифмов» не её тема
G11_TB_?_1_а	G6_S19_02	keep	тема навыка «Вычисление составного дробного выражения» подходит; соседний навык — лишь альтернатива
G11_TB_?_1_б	G6_S19_02	keep	тема навыка «Вычисление составного дробного выражения» подходит; соседний навык — лишь альтернатива
G11_TB_?_1_в	G6_S19_02	keep	тема навыка «Вычисление составного дробного выражения» подходит; соседний навык — лишь альтернатива
G11_TB_?_20	G5_S11_01	keep	тема навыка «Определение остатка» подходит; соседний навык — лишь альтернатива
G11_TB_?_205_1	G10_S33_01	keep	тема навыка «Иррациональные неравенства» подходит; соседний навык — лишь альтернатива
G11_TB_?_205_2	G10_S34_01	keep	тема навыка «Уравнения и неравенства с модулем (аналитические методы)» подходит; соседний навык — лишь альтернатива
G11_TB_?_207_2	G10_S20_02	keep	тема навыка «Неравенство с переменным основанием» подходит; соседний навык — лишь альтернатива
G11_TB_?_210_1	G10_S15_01	keep	тема навыка «Неравенство при основании больше единицы» подходит; соседний навык — лишь альтернатива
G11_TB_?_212_1	G10_S20_02	keep	тема навыка «Неравенство с переменным основанием» подходит; соседний навык — лишь альтернатива
G11_TB_?_212_2	G10_S20_01	keep	тема навыка «Простейшее логарифмическое неравенство» подходит; соседний навык — лишь альтернатива
G11_TB_?_214_3	G10_S20_01	keep	тема навыка «Простейшее логарифмическое неравенство» подходит; соседний навык — лишь альтернатива
G11_TB_?_215	G10_S20_01	keep	тема навыка «Простейшее логарифмическое неравенство» подходит; соседний навык — лишь альтернатива
G11_TB_?_216	G10_S20_02	keep	тема навыка «Неравенство с переменным основанием» подходит; соседний навык — лишь альтернатива
G11_TB_?_217_2	G11_S02_03	null	уравнение/неравенство с показательно-степенной или смешанной структурой решается по ОДЗ и случаям, а навык «Комбинированная ОДЗ» — про область определения функции
G11_TB_?_242_c	G10_S32_01	keep	тема навыка «Уравнения и неравенства с параметром» подходит; соседний навык — лишь альтернатива
G11_TB_?_253	G10_S32_01	keep	тема навыка «Уравнения и неравенства с параметром» подходит; соседний навык — лишь альтернатива
G11_TB_?_254	G10_S32_02	keep	тема навыка «Системы уравнений с параметром» подходит; соседний навык — лишь альтернатива
G11_TB_?_255_a	G7_S21_02	null	олимпиадная задача на симметрию сумм (сумма кубов/четвёртых степеней при нулевых суммах), а не на применение ФСУ
G11_TB_?_255_b	G7_S21_02	null	олимпиадная задача на симметрию сумм (сумма кубов/четвёртых степеней при нулевых суммах), а не на применение ФСУ
G11_TB_?_29_1	G8_S08_03	keep	тема навыка «Упрощение выражения» подходит; соседний навык — лишь альтернатива
G11_TB_?_31_2	G9_S29_04	keep	тема навыка «Нахождение первого члена» подходит; соседний навык — лишь альтернатива
G11_TB_?_33_1	G9_S29_04	keep	тема навыка «Нахождение первого члена» подходит; соседний навык — лишь альтернатива
G11_TB_?_34_1	G9_S29_03	keep	тема навыка «Нахождение n-го члена» подходит; соседний навык — лишь альтернатива
G11_TB_?_34_2	G9_S29_03	keep	тема навыка «Нахождение n-го члена» подходит; соседний навык — лишь альтернатива
G11_TB_?_35_2	G9_S32_01	keep	тема навыка «Нахождение суммы ГП» подходит; соседний навык — лишь альтернатива
G11_TB_?_45	G9_S25_05	keep	тема навыка «Упрощение через двойной угол» подходит; соседний навык — лишь альтернатива
G11_TB_?_4_а	G6_S05_02	keep	тема навыка «Разложение на простые множители» подходит; соседний навык — лишь альтернатива
G11_TB_?_4_б	G6_S01_03	keep	тема навыка «Проверка делимости» подходит; соседний навык — лишь альтернатива
G11_TB_?_57_а	G11_S05_03	keep	тема навыка «Метод оценки в уравнениях и неравенствах» подходит; соседний навык — лишь альтернатива
G11_TB_?_57_б	G11_S05_03	keep	тема навыка «Метод оценки в уравнениях и неравенствах» подходит; соседний навык — лишь альтернатива
G11_TB_?_58_а	G11_S01_02	keep	навык G11_S01_02 остался бы без задач (в нём только эти 2 задачи); значение функции f(1999) действительно вычисляется
G11_TB_?_58_б	G11_S01_02	keep	навык G11_S01_02 остался бы без задач (в нём только эти 2 задачи); значение функции f(1999) действительно вычисляется
G11_TB_?_59_a	G9_S16_04	keep	тема навыка «Доказательство методом оценки» подходит; соседний навык — лишь альтернатива
G11_TB_?_59_б	G9_S16_04	keep	тема навыка «Доказательство методом оценки» подходит; соседний навык — лишь альтернатива
G11_TB_?_5_а	G6_S03_03	keep	тема навыка «Делимость на 3 для больших чисел» подходит; соседний навык — лишь альтернатива
G11_TB_?_5_б	G5_S01_03	null	олимпиадная задача на подсчёт цифр в записи 123456789101112…, а не на разрядный состав числа
G11_TB_?_6	G6_S01_02	keep	тема навыка «Нахождение кратных числа» подходит; соседний навык — лишь альтернатива
G11_TB_?_61_а	G9_S28_03	keep	тема навыка «Рекуррентная последовательность» подходит; соседний навык — лишь альтернатива
G11_TB_?_61_б	G9_S28_03	keep	тема навыка «Рекуррентная последовательность» подходит; соседний навык — лишь альтернатива
G11_TB_?_63	G10_S07_06	keep	тема навыка «Решение полученного уравнения» подходит; соседний навык — лишь альтернатива
G11_TB_?_66	G8_S24_02	null	рациональность корней квадратного уравнения; навык — число корней по знаку дискриминанта
G11_TB_?_67	G8_S24_02	null	рациональность корней квадратного уравнения; навык — число корней по знаку дискриминанта
G11_TB_?_7	G9_S24_05	null	доказательство иррациональности sin 10° через кубическое уравнение с рациональными корнями; формулы сложения не главное
G11_TB_?_8	G6_S06_01	keep	тема навыка «Нахождение НОД» подходит; соседний навык — лишь альтернатива
G11_TB_?_81_a	G10_S11_01	keep	тема навыка «Базовое возведение в квадрат» подходит; соседний навык — лишь альтернатива
G11_TB_?_81_b	G10_S11_01	keep	тема навыка «Базовое возведение в квадрат» подходит; соседний навык — лишь альтернатива
G11_TB_?_81_в	G10_S11_01	keep	тема навыка «Базовое возведение в квадрат» подходит; соседний навык — лишь альтернатива
G11_TB_?_81_г	G10_S11_01	keep	тема навыка «Базовое возведение в квадрат» подходит; соседний навык — лишь альтернатива
G11_TB_?_82_b	G10_S11_01	keep	тема навыка «Базовое возведение в квадрат» подходит; соседний навык — лишь альтернатива
G11_TB_?_87_b	G10_S11_06	keep	тема навыка «Уравнение с двумя радикалами в одной части» подходит; соседний навык — лишь альтернатива
G11_TB_?_89_в	G10_S11_05	keep	тема навыка «Уравнение с корнем нечетной степени» подходит; соседний навык — лишь альтернатива
G11_TB_?_90_b	G10_S11_05	keep	тема навыка «Уравнение с корнем нечетной степени» подходит; соседний навык — лишь альтернатива
G11_TB_?_91_в	G10_S11_04	keep	тема навыка «Метод введения новой переменной» подходит; соседний навык — лишь альтернатива
G11_TB_?_9_а	G8_S08_03	keep	тема навыка «Упрощение выражения» подходит; соседний навык — лишь альтернатива
G11_TB_§15_2_10	G10_S17_03	keep	тема навыка «Формула перехода к новому основанию» подходит; соседний навык — лишь альтернатива
G11_TB_§15_2_9	G10_S17_03	keep	тема навыка «Формула перехода к новому основанию» подходит; соседний навык — лишь альтернатива
G11_TB_§16_3	G10_S16_04	keep	тема навыка «Сравнение логарифмов (монотонность логарифмической функции)» подходит; соседний навык — лишь альтернатива
G11_TB_§18_2_3	G11_S19_01	keep	тема навыка «Производная произведения функций» подходит; соседний навык — лишь альтернатива
G11_TB_§18_2_4	G11_S19_01	keep	тема навыка «Производная произведения функций» подходит; соседний навык — лишь альтернатива
G11_TB_§18_6	G11_S05_04	keep	тема навыка «Метод монотонности и единственности корня» подходит; соседний навык — лишь альтернатива
G11_TB_§19_1	G10_S14_01	keep	тема навыка «Приведение к общему основанию» подходит; соседний навык — лишь альтернатива
G11_TB_§19_13_3	G11_S05_04	keep	тема навыка «Метод монотонности и единственности корня» подходит; соседний навык — лишь альтернатива
G11_TB_§19_15_1	G11_S05_04	keep	тема навыка «Метод монотонности и единственности корня» подходит; соседний навык — лишь альтернатива
G11_TB_§19_15_3	G11_S05_04	keep	тема навыка «Метод монотонности и единственности корня» подходит; соседний навык — лишь альтернатива
G11_TB_§19_17_1	G9_S12_01	keep	тема навыка «Сравнение степеней» подходит; соседний навык — лишь альтернатива
G11_TB_§19_17_2	G9_S12_01	keep	тема навыка «Сравнение степеней» подходит; соседний навык — лишь альтернатива
G11_TB_§19_1_5a	G10_S14_01	keep	тема навыка «Приведение к общему основанию» подходит; соседний навык — лишь альтернатива
G11_TB_§19_1_5b	G10_S14_01	keep	тема навыка «Приведение к общему основанию» подходит; соседний навык — лишь альтернатива
G11_TB_§19_1_6	G10_S14_01	keep	тема навыка «Приведение к общему основанию» подходит; соседний навык — лишь альтернатива
G11_TB_§19_3_1	G10_S15_01	null	неравенство с переменным основанием степени требует разбора случаев основания <1/>1, а не «основание больше единицы»
G11_TB_§19_3_2	G10_S15_01	null	неравенство с переменным основанием степени требует разбора случаев основания <1/>1, а не «основание больше единицы»
G11_TB_§19_3_3	G10_S20_02	keep	тема навыка «Неравенство с переменным основанием» подходит; соседний навык — лишь альтернатива
G11_TB_§1_1_14_в	G11_S02_05	keep	тема навыка «Ограниченность функции» подходит; соседний навык — лишь альтернатива
G11_TB_§1_1_14_г	G11_S02_05	keep	тема навыка «Ограниченность функции» подходит; соседний навык — лишь альтернатива
G11_TB_§1_6	G11_S09_02	null	вопрос о существовании предела функции x/x в точке, не лежащей в области определения; прямой подстановки здесь нет
G11_TB_§20_3_1	G10_S18_03	keep	тема навыка «Метод замены в логарифмических уравнениях» подходит; соседний навык — лишь альтернатива
G11_TB_§20_7_1	G10_S16_04	keep	тема навыка «Сравнение логарифмов (монотонность логарифмической функции)» подходит; соседний навык — лишь альтернатива
G11_TB_§20_7_2	G10_S17_03	keep	тема навыка «Формула перехода к новому основанию» подходит; соседний навык — лишь альтернатива
G11_TB_§20_8_1	G10_S17_03	keep	тема навыка «Формула перехода к новому основанию» подходит; соседний навык — лишь альтернатива
G11_TB_§20_8_2	G10_S17_03	keep	тема навыка «Формула перехода к новому основанию» подходит; соседний навык — лишь альтернатива
G11_TB_§20_8_3	G10_S17_03	keep	тема навыка «Формула перехода к новому основанию» подходит; соседний навык — лишь альтернатива
G11_TB_§20_9	G10_S32_01	keep	тема навыка «Уравнения и неравенства с параметром» подходит; соседний навык — лишь альтернатива
G11_TB_§2_2_15_е	G11_S11_04	keep	тема навыка «Замечательные пределы» подходит; соседний навык — лишь альтернатива
G11_TB_§2_2_15_ж	G11_S11_04	keep	тема навыка «Замечательные пределы» подходит; соседний навык — лишь альтернатива
G11_TB_§2_2_15_з	G11_S11_04	keep	тема навыка «Замечательные пределы» подходит; соседний навык — лишь альтернатива
G11_TB_§2_2_2_2	G11_S09_01	keep	тема навыка «Интуитивное понимание предела по графику» подходит; соседний навык — лишь альтернатива
G11_TB_§2_2_3_2	G11_S09_01	keep	тема навыка «Интуитивное понимание предела по графику» подходит; соседний навык — лишь альтернатива
G11_TB_§2_2_3_3	G11_S09_01	keep	тема навыка «Интуитивное понимание предела по графику» подходит; соседний навык — лишь альтернатива
G11_TB_§2_2_5_3	G11_S09_01	keep	тема навыка «Интуитивное понимание предела по графику» подходит; соседний навык — лишь альтернатива
G11_TB_§2_2_5_4	G11_S09_01	keep	тема навыка «Интуитивное понимание предела по графику» подходит; соседний навык — лишь альтернатива
G11_TB_§2_5_4	G10_S33_01	keep	тема навыка «Иррациональные неравенства» подходит; соседний навык — лишь альтернатива
G11_TB_§3_10_5	G11_S02_02	keep	тема навыка «ОДЗ функции с корнем» подходит; соседний навык — лишь альтернатива
G11_TB_§3_10_7	G11_S02_02	keep	тема навыка «ОДЗ функции с корнем» подходит; соседний навык — лишь альтернатива
G11_TB_§3_2	G11_S17_02	keep	тема навыка «Производная многочлена и степенной функции» подходит; соседний навык — лишь альтернатива
G11_TB_§3_3	G11_S19_02	keep	тема навыка «Производная дроби с тригонометрией» подходит; соседний навык — лишь альтернатива
G11_TB_§3_3_6_а	G11_S13_01	keep	навык остался бы без задач (все 4 задачи G11_S13_01 — вопросы о взаимно обратных функциях)
G11_TB_§3_3_6_в	G11_S13_01	keep	навык остался бы без задач (все 4 задачи G11_S13_01 — вопросы о взаимно обратных функциях)
G11_TB_§4_4_1	G11_S21_01	keep	тема навыка «Дифференцирование сложной функции» подходит; соседний навык — лишь альтернатива
G11_TB_§4_4_15_а	G11_S17_01	null	теоретический вопрос (формулировка теоремы о производной суммы); навык — производные функций с корнями и дробями
G11_TB_§4_4_1_1	G11_S18_01	keep	тема навыка «Дифференциал и приращение функции» подходит; соседний навык — лишь альтернатива
G11_TB_§4_4_1_2	G11_S18_01	keep	тема навыка «Дифференциал и приращение функции» подходит; соседний навык — лишь альтернатива
G11_TB_§4_4_3	G11_S21_01	keep	тема навыка «Дифференцирование сложной функции» подходит; соседний навык — лишь альтернатива
G11_TB_§4_4_3_1	G11_S18_01	keep	тема навыка «Дифференциал и приращение функции» подходит; соседний навык — лишь альтернатива
G11_TB_§4_4_4	G11_S21_01	keep	тема навыка «Дифференцирование сложной функции» подходит; соседний навык — лишь альтернатива
G11_TB_§5_5_5_в	G11_S23_04	keep	тема навыка «Наибольшее и наименьшее значение на отрезке» подходит; соседний навык — лишь альтернатива
G11_TB_§5_5_5_г	G11_S23_04	keep	тема навыка «Наибольшее и наименьшее значение на отрезке» подходит; соседний навык — лишь альтернатива
G9_TB_31_629	G9_S28_03	null	шаг математической индукции для суммы кубов; навык — рекуррентные последовательности
G9_TB_ЗПТ_888	G9_S16_04	keep	доказательство от противного оценкой 5·10^k−1 ≥ 10^k — это и есть метод оценки; навык подходит
